{
    "name": "R201",
    "vehicles": 25,
    "capacity": 1000,
    "node_coord": [
        [
            35,
            35
        ],
        [
            41,
            49
        ],
        [
            35,
            17
        ],
        [
            55,
            45
        ],
        [
            55,
            20
        ],
        [
            15,
            30
        ],
        [
            25,
            30
        ],
        [
            20,
            50
        ],
        [
            10,
            43
        ],
        [
            55,
            60
        ],
        [
            30,
            60
        ]
    ],
    "demand": [
        0,
        10,
        7,
        13,
        19,
        26,
        3,
        5,
        9,
        16,
        16
    ],
    "time_window": [
        [
            0,
            1000
        ],
        [
            707,
            848
        ],
        [
            143,
            282
        ],
        [
            527,
            584
        ],
        [
            678,
            801
        ],
        [
            34,
            209
        ],
        [
            415,
            514
        ],
        [
            331,
            410
        ],
        [
            404,
            481
        ],
        [
            400,
            497
        ],
        [
            577,
            632
        ]
    ],
    "service_time": [
        0,
        10,
        10,
        10,
        10,
        10,
        10,
        10,
        10,
        10,
        10
    ],
    "edge_weight": [
        [
            0.0,
            15.231546211727817,
            18.0,
            22.360679774997898,
            25.0,
            20.615528128088304,
            11.180339887498949,
            21.213203435596427,
            26.248809496813376,
            32.01562118716424,
            25.495097567963924
        ],
        [
            15.231546211727817,
            0.0,
            32.55764119219941,
            14.560219778561036,
            32.202484376209235,
            32.202484376209235,
            24.839484696748443,
            21.02379604162864,
            31.575306807693888,
            17.804493814764857,
            15.556349186104045
        ],
        [
            18.0,
            32.55764119219941,
            0.0,
            34.40930106817051,
            20.223748416156685,
            23.853720883753127,
            16.401219466856727,
            36.24913792078372,
            36.069377593742864,
            47.4236228055175,
            43.289721643826724
        ],
        [
            22.360679774997898,
            14.560219778561036,
            34.40930106817051,
            0.0,
            25.0,
            42.720018726587654,
            33.54101966249684,
            35.35533905932738,
            45.044422518220834,
            15.0,
            29.154759474226502
        ],
        [
            25.0,
            32.202484376209235,
            20.223748416156685,
            25.0,
            0.0,
            41.23105625617661,
            31.622776601683793,
            46.09772228646444,
            50.53711507397311,
            40.0,
            47.16990566028302
        ],
        [
            20.615528128088304,
            32.202484376209235,
            23.853720883753127,
            42.720018726587654,
            41.23105625617661,
            0.0,
            10.0,
            20.615528128088304,
            13.92838827718412,
            50.0,
            33.54101966249684
        ],
        [
            11.180339887498949,
            24.839484696748443,
            16.401219466856727,
            33.54101966249684,
            31.622776601683793,
            10.0,
            0.0,
            20.615528128088304,
            19.849433241279208,
            42.42640687119285,
            30.4138126514911
        ],
        [
            21.213203435596427,
            21.02379604162864,
            36.24913792078372,
            35.35533905932738,
            46.09772228646444,
            20.615528128088304,
            20.615528128088304,
            0.0,
            12.206555615733702,
            36.40054944640259,
            14.142135623730951
        ],
        [
            26.248809496813376,
            31.575306807693888,
            36.069377593742864,
            45.044422518220834,
            50.53711507397311,
            13.92838827718412,
            19.849433241279208,
            12.206555615733702,
            0.0,
            48.104053883222775,
            26.248809496813376
        ],
        [
            32.01562118716424,
            17.804493814764857,
            47.4236228055175,
            15.0,
            40.0,
            50.0,
            42.42640687119285,
            36.40054944640259,
            48.104053883222775,
            0.0,
            25.0
        ],
        [
            25.495097567963924,
            15.556349186104045,
            43.289721643826724,
            29.154759474226502,
            47.16990566028302,
            33.54101966249684,
            30.4138126514911,
            14.142135623730951,
            26.248809496813376,
            25.0,
            0.0
        ]
    ]
}